"TIME","GEO","UNIT","COICOP","Value"
"1996","European Union (EU6-1958, EU9-1973, EU10-1981, EU12-1986, EU15-1995, EU25-2004, EU27-2007, EU28-2013, EU27-2020)","Annual average rate of change","All-items HICP",":"
"1997","European Union (EU6-1958, EU9-1973, EU10-1981, EU12-1986, EU15-1995, EU25-2004, EU27-2007, EU28-2013, EU27-2020)","Annual average rate of change","All-items HICP","1.7"
"1998","European Union (EU6-1958, EU9-1973, EU10-1981, EU12-1986, EU15-1995, EU25-2004, EU27-2007, EU28-2013, EU27-2020)","Annual average rate of change","All-items HICP","1.3"
"1999","European Union (EU6-1958, EU9-1973, EU10-1981, EU12-1986, EU15-1995, EU25-2004, EU27-2007, EU28-2013, EU27-2020)","Annual average rate of change","All-items HICP","1.2"
"2000","European Union (EU6-1958, EU9-1973, EU10-1981, EU12-1986, EU15-1995, EU25-2004, EU27-2007, EU28-2013, EU27-2020)","Annual average rate of change","All-items HICP","1.9"
"2001","European Union (EU6-1958, EU9-1973, EU10-1981, EU12-1986, EU15-1995, EU25-2004, EU27-2007, EU28-2013, EU27-2020)","Annual average rate of change","All-items HICP","2.2"
"2002","European Union (EU6-1958, EU9-1973, EU10-1981, EU12-1986, EU15-1995, EU25-2004, EU27-2007, EU28-2013, EU27-2020)","Annual average rate of change","All-items HICP","2.1"
"2003","European Union (EU6-1958, EU9-1973, EU10-1981, EU12-1986, EU15-1995, EU25-2004, EU27-2007, EU28-2013, EU27-2020)","Annual average rate of change","All-items HICP","2.0"
"2004","European Union (EU6-1958, EU9-1973, EU10-1981, EU12-1986, EU15-1995, EU25-2004, EU27-2007, EU28-2013, EU27-2020)","Annual average rate of change","All-items HICP","2.0"
"2005","European Union (EU6-1958, EU9-1973, EU10-1981, EU12-1986, EU15-1995, EU25-2004, EU27-2007, EU28-2013, EU27-2020)","Annual average rate of change","All-items HICP","2.2"
"2006","European Union (EU6-1958, EU9-1973, EU10-1981, EU12-1986, EU15-1995, EU25-2004, EU27-2007, EU28-2013, EU27-2020)","Annual average rate of change","All-items HICP","2.2"
"2007","European Union (EU6-1958, EU9-1973, EU10-1981, EU12-1986, EU15-1995, EU25-2004, EU27-2007, EU28-2013, EU27-2020)","Annual average rate of change","All-items HICP","2.3"
"2008","European Union (EU6-1958, EU9-1973, EU10-1981, EU12-1986, EU15-1995, EU25-2004, EU27-2007, EU28-2013, EU27-2020)","Annual average rate of change","All-items HICP","3.7"
"2009","European Union (EU6-1958, EU9-1973, EU10-1981, EU12-1986, EU15-1995, EU25-2004, EU27-2007, EU28-2013, EU27-2020)","Annual average rate of change","All-items HICP","1.0"
"2010","European Union (EU6-1958, EU9-1973, EU10-1981, EU12-1986, EU15-1995, EU25-2004, EU27-2007, EU28-2013, EU27-2020)","Annual average rate of change","All-items HICP","2.1"
"2011","European Union (EU6-1958, EU9-1973, EU10-1981, EU12-1986, EU15-1995, EU25-2004, EU27-2007, EU28-2013, EU27-2020)","Annual average rate of change","All-items HICP","3.1"
"2012","European Union (EU6-1958, EU9-1973, EU10-1981, EU12-1986, EU15-1995, EU25-2004, EU27-2007, EU28-2013, EU27-2020)","Annual average rate of change","All-items HICP","2.6"
"2013","European Union (EU6-1958, EU9-1973, EU10-1981, EU12-1986, EU15-1995, EU25-2004, EU27-2007, EU28-2013, EU27-2020)","Annual average rate of change","All-items HICP","1.5"
"2014","European Union (EU6-1958, EU9-1973, EU10-1981, EU12-1986, EU15-1995, EU25-2004, EU27-2007, EU28-2013, EU27-2020)","Annual average rate of change","All-items HICP","0.6"
"2015","European Union (EU6-1958, EU9-1973, EU10-1981, EU12-1986, EU15-1995, EU25-2004, EU27-2007, EU28-2013, EU27-2020)","Annual average rate of change","All-items HICP","0.1"
"2016","European Union (EU6-1958, EU9-1973, EU10-1981, EU12-1986, EU15-1995, EU25-2004, EU27-2007, EU28-2013, EU27-2020)","Annual average rate of change","All-items HICP","0.2"
"2017","European Union (EU6-1958, EU9-1973, EU10-1981, EU12-1986, EU15-1995, EU25-2004, EU27-2007, EU28-2013, EU27-2020)","Annual average rate of change","All-items HICP","1.7"
"2018","European Union (EU6-1958, EU9-1973, EU10-1981, EU12-1986, EU15-1995, EU25-2004, EU27-2007, EU28-2013, EU27-2020)","Annual average rate of change","All-items HICP","1.9"
"2019","European Union (EU6-1958, EU9-1973, EU10-1981, EU12-1986, EU15-1995, EU25-2004, EU27-2007, EU28-2013, EU27-2020)","Annual average rate of change","All-items HICP","1.5"
"1996","European Union - 27 countries (from 2020)","Annual average rate of change","All-items HICP",":"
"1997","European Union - 27 countries (from 2020)","Annual average rate of change","All-items HICP",":"
"1998","European Union - 27 countries (from 2020)","Annual average rate of change","All-items HICP",":"
"1999","European Union - 27 countries (from 2020)","Annual average rate of change","All-items HICP",":"
"2000","European Union - 27 countries (from 2020)","Annual average rate of change","All-items HICP",":"
"2001","European Union - 27 countries (from 2020)","Annual average rate of change","All-items HICP","3.6"
"2002","European Union - 27 countries (from 2020)","Annual average rate of change","All-items HICP","2.7"
"2003","European Union - 27 countries (from 2020)","Annual average rate of change","All-items HICP","2.3"
"2004","European Union - 27 countries (from 2020)","Annual average rate of change","All-items HICP","2.5"
"2005","European Union - 27 countries (from 2020)","Annual average rate of change","All-items HICP","2.3"
"2006","European Union - 27 countries (from 2020)","Annual average rate of change","All-items HICP","2.3"
"2007","European Union - 27 countries (from 2020)","Annual average rate of change","All-items HICP","2.4"
"2008","European Union - 27 countries (from 2020)","Annual average rate of change","All-items HICP","3.7"
"2009","European Union - 27 countries (from 2020)","Annual average rate of change","All-items HICP","0.8"
"2010","European Union - 27 countries (from 2020)","Annual average rate of change","All-items HICP","1.8"
"2011","European Union - 27 countries (from 2020)","Annual average rate of change","All-items HICP","2.9"
"2012","European Union - 27 countries (from 2020)","Annual average rate of change","All-items HICP","2.6"
"2013","European Union - 27 countries (from 2020)","Annual average rate of change","All-items HICP","1.3"
"2014","European Union - 27 countries (from 2020)","Annual average rate of change","All-items HICP","0.4"
"2015","European Union - 27 countries (from 2020)","Annual average rate of change","All-items HICP","0.1"
"2016","European Union - 27 countries (from 2020)","Annual average rate of change","All-items HICP","0.2"
"2017","European Union - 27 countries (from 2020)","Annual average rate of change","All-items HICP","1.6"
"2018","European Union - 27 countries (from 2020)","Annual average rate of change","All-items HICP","1.8"
"2019","European Union - 27 countries (from 2020)","Annual average rate of change","All-items HICP","1.4"
"1996","European Union - 28 countries (2013-2020)","Annual average rate of change","All-items HICP",":"
"1997","European Union - 28 countries (2013-2020)","Annual average rate of change","All-items HICP",":"
"1998","European Union - 28 countries (2013-2020)","Annual average rate of change","All-items HICP",":"
"1999","European Union - 28 countries (2013-2020)","Annual average rate of change","All-items HICP",":"
"2000","European Union - 28 countries (2013-2020)","Annual average rate of change","All-items HICP",":"
"2001","European Union - 28 countries (2013-2020)","Annual average rate of change","All-items HICP","3.2"
"2002","European Union - 28 countries (2013-2020)","Annual average rate of change","All-items HICP","2.5"
"2003","European Union - 28 countries (2013-2020)","Annual average rate of change","All-items HICP","2.1"
"2004","European Union - 28 countries (2013-2020)","Annual average rate of change","All-items HICP","2.3"
"2005","European Union - 28 countries (2013-2020)","Annual average rate of change","All-items HICP","2.3"
"2006","European Union - 28 countries (2013-2020)","Annual average rate of change","All-items HICP","2.3"
"2007","European Union - 28 countries (2013-2020)","Annual average rate of change","All-items HICP","2.4"
"2008","European Union - 28 countries (2013-2020)","Annual average rate of change","All-items HICP","3.7"
"2009","European Union - 28 countries (2013-2020)","Annual average rate of change","All-items HICP","1.0"
"2010","European Union - 28 countries (2013-2020)","Annual average rate of change","All-items HICP","2.1"
"2011","European Union - 28 countries (2013-2020)","Annual average rate of change","All-items HICP","3.1"
"2012","European Union - 28 countries (2013-2020)","Annual average rate of change","All-items HICP","2.6"
"2013","European Union - 28 countries (2013-2020)","Annual average rate of change","All-items HICP","1.5"
"2014","European Union - 28 countries (2013-2020)","Annual average rate of change","All-items HICP","0.6"
"2015","European Union - 28 countries (2013-2020)","Annual average rate of change","All-items HICP","0.1"
"2016","European Union - 28 countries (2013-2020)","Annual average rate of change","All-items HICP","0.2"
"2017","European Union - 28 countries (2013-2020)","Annual average rate of change","All-items HICP","1.7"
"2018","European Union - 28 countries (2013-2020)","Annual average rate of change","All-items HICP","1.9"
"2019","European Union - 28 countries (2013-2020)","Annual average rate of change","All-items HICP","1.5"
"1996","Euro area (EA11-1999, EA12-2001, EA13-2007, EA15-2008, EA16-2009, EA17-2011, EA18-2014, EA19-2015)","Annual average rate of change","All-items HICP",":"
"1997","Euro area (EA11-1999, EA12-2001, EA13-2007, EA15-2008, EA16-2009, EA17-2011, EA18-2014, EA19-2015)","Annual average rate of change","All-items HICP","1.6"
"1998","Euro area (EA11-1999, EA12-2001, EA13-2007, EA15-2008, EA16-2009, EA17-2011, EA18-2014, EA19-2015)","Annual average rate of change","All-items HICP","1.1"
"1999","Euro area (EA11-1999, EA12-2001, EA13-2007, EA15-2008, EA16-2009, EA17-2011, EA18-2014, EA19-2015)","Annual average rate of change","All-items HICP","1.1"
"2000","Euro area (EA11-1999, EA12-2001, EA13-2007, EA15-2008, EA16-2009, EA17-2011, EA18-2014, EA19-2015)","Annual average rate of change","All-items HICP","2.1"
"2001","Euro area (EA11-1999, EA12-2001, EA13-2007, EA15-2008, EA16-2009, EA17-2011, EA18-2014, EA19-2015)","Annual average rate of change","All-items HICP","2.3"
"2002","Euro area (EA11-1999, EA12-2001, EA13-2007, EA15-2008, EA16-2009, EA17-2011, EA18-2014, EA19-2015)","Annual average rate of change","All-items HICP","2.3"
"2003","Euro area (EA11-1999, EA12-2001, EA13-2007, EA15-2008, EA16-2009, EA17-2011, EA18-2014, EA19-2015)","Annual average rate of change","All-items HICP","2.1"
"2004","Euro area (EA11-1999, EA12-2001, EA13-2007, EA15-2008, EA16-2009, EA17-2011, EA18-2014, EA19-2015)","Annual average rate of change","All-items HICP","2.1"
"2005","Euro area (EA11-1999, EA12-2001, EA13-2007, EA15-2008, EA16-2009, EA17-2011, EA18-2014, EA19-2015)","Annual average rate of change","All-items HICP","2.2"
"2006","Euro area (EA11-1999, EA12-2001, EA13-2007, EA15-2008, EA16-2009, EA17-2011, EA18-2014, EA19-2015)","Annual average rate of change","All-items HICP","2.2"
"2007","Euro area (EA11-1999, EA12-2001, EA13-2007, EA15-2008, EA16-2009, EA17-2011, EA18-2014, EA19-2015)","Annual average rate of change","All-items HICP","2.1"
"2008","Euro area (EA11-1999, EA12-2001, EA13-2007, EA15-2008, EA16-2009, EA17-2011, EA18-2014, EA19-2015)","Annual average rate of change","All-items HICP","3.3"
"2009","Euro area (EA11-1999, EA12-2001, EA13-2007, EA15-2008, EA16-2009, EA17-2011, EA18-2014, EA19-2015)","Annual average rate of change","All-items HICP","0.3"
"2010","Euro area (EA11-1999, EA12-2001, EA13-2007, EA15-2008, EA16-2009, EA17-2011, EA18-2014, EA19-2015)","Annual average rate of change","All-items HICP","1.6"
"2011","Euro area (EA11-1999, EA12-2001, EA13-2007, EA15-2008, EA16-2009, EA17-2011, EA18-2014, EA19-2015)","Annual average rate of change","All-items HICP","2.7"
"2012","Euro area (EA11-1999, EA12-2001, EA13-2007, EA15-2008, EA16-2009, EA17-2011, EA18-2014, EA19-2015)","Annual average rate of change","All-items HICP","2.5"
"2013","Euro area (EA11-1999, EA12-2001, EA13-2007, EA15-2008, EA16-2009, EA17-2011, EA18-2014, EA19-2015)","Annual average rate of change","All-items HICP","1.4"
"2014","Euro area (EA11-1999, EA12-2001, EA13-2007, EA15-2008, EA16-2009, EA17-2011, EA18-2014, EA19-2015)","Annual average rate of change","All-items HICP","0.4"
"2015","Euro area (EA11-1999, EA12-2001, EA13-2007, EA15-2008, EA16-2009, EA17-2011, EA18-2014, EA19-2015)","Annual average rate of change","All-items HICP","0.2"
"2016","Euro area (EA11-1999, EA12-2001, EA13-2007, EA15-2008, EA16-2009, EA17-2011, EA18-2014, EA19-2015)","Annual average rate of change","All-items HICP","0.2"
"2017","Euro area (EA11-1999, EA12-2001, EA13-2007, EA15-2008, EA16-2009, EA17-2011, EA18-2014, EA19-2015)","Annual average rate of change","All-items HICP","1.5"
"2018","Euro area (EA11-1999, EA12-2001, EA13-2007, EA15-2008, EA16-2009, EA17-2011, EA18-2014, EA19-2015)","Annual average rate of change","All-items HICP","1.8"
"2019","Euro area (EA11-1999, EA12-2001, EA13-2007, EA15-2008, EA16-2009, EA17-2011, EA18-2014, EA19-2015)","Annual average rate of change","All-items HICP","1.2"
"1996","Euro area - 19 countries  (from 2015)","Annual average rate of change","All-items HICP",":"
"1997","Euro area - 19 countries  (from 2015)","Annual average rate of change","All-items HICP","1.7"
"1998","Euro area - 19 countries  (from 2015)","Annual average rate of change","All-items HICP","1.2"
"1999","Euro area - 19 countries  (from 2015)","Annual average rate of change","All-items HICP","1.2"
"2000","Euro area - 19 countries  (from 2015)","Annual average rate of change","All-items HICP","2.2"
"2001","Euro area - 19 countries  (from 2015)","Annual average rate of change","All-items HICP","2.4"
"2002","Euro area - 19 countries  (from 2015)","Annual average rate of change","All-items HICP","2.3"
"2003","Euro area - 19 countries  (from 2015)","Annual average rate of change","All-items HICP","2.1"
"2004","Euro area - 19 countries  (from 2015)","Annual average rate of change","All-items HICP","2.2"
"2005","Euro area - 19 countries  (from 2015)","Annual average rate of change","All-items HICP","2.2"
"2006","Euro area - 19 countries  (from 2015)","Annual average rate of change","All-items HICP","2.2"
"2007","Euro area - 19 countries  (from 2015)","Annual average rate of change","All-items HICP","2.2"
"2008","Euro area - 19 countries  (from 2015)","Annual average rate of change","All-items HICP","3.3"
"2009","Euro area - 19 countries  (from 2015)","Annual average rate of change","All-items HICP","0.3"
"2010","Euro area - 19 countries  (from 2015)","Annual average rate of change","All-items HICP","1.6"
"2011","Euro area - 19 countries  (from 2015)","Annual average rate of change","All-items HICP","2.7"
"2012","Euro area - 19 countries  (from 2015)","Annual average rate of change","All-items HICP","2.5"
"2013","Euro area - 19 countries  (from 2015)","Annual average rate of change","All-items HICP","1.3"
"2014","Euro area - 19 countries  (from 2015)","Annual average rate of change","All-items HICP","0.4"
"2015","Euro area - 19 countries  (from 2015)","Annual average rate of change","All-items HICP","0.2"
"2016","Euro area - 19 countries  (from 2015)","Annual average rate of change","All-items HICP","0.2"
"2017","Euro area - 19 countries  (from 2015)","Annual average rate of change","All-items HICP","1.5"
"2018","Euro area - 19 countries  (from 2015)","Annual average rate of change","All-items HICP","1.8"
"2019","Euro area - 19 countries  (from 2015)","Annual average rate of change","All-items HICP","1.2"
"1996","Euro area - 18 countries (2014)","Annual average rate of change","All-items HICP",":"
"1997","Euro area - 18 countries (2014)","Annual average rate of change","All-items HICP","1.7"
"1998","Euro area - 18 countries (2014)","Annual average rate of change","All-items HICP","1.2"
"1999","Euro area - 18 countries (2014)","Annual average rate of change","All-items HICP","1.2"
"2000","Euro area - 18 countries (2014)","Annual average rate of change","All-items HICP","2.2"
"2001","Euro area - 18 countries (2014)","Annual average rate of change","All-items HICP","2.4"
"2002","Euro area - 18 countries (2014)","Annual average rate of change","All-items HICP","2.3"
"2003","Euro area - 18 countries (2014)","Annual average rate of change","All-items HICP","2.1"
"2004","Euro area - 18 countries (2014)","Annual average rate of change","All-items HICP","2.2"
"2005","Euro area - 18 countries (2014)","Annual average rate of change","All-items HICP","2.2"
"2006","Euro area - 18 countries (2014)","Annual average rate of change","All-items HICP","2.2"
"2007","Euro area - 18 countries (2014)","Annual average rate of change","All-items HICP","2.2"
"2008","Euro area - 18 countries (2014)","Annual average rate of change","All-items HICP","3.3"
"2009","Euro area - 18 countries (2014)","Annual average rate of change","All-items HICP","0.3"
"2010","Euro area - 18 countries (2014)","Annual average rate of change","All-items HICP","1.6"
"2011","Euro area - 18 countries (2014)","Annual average rate of change","All-items HICP","2.7"
"2012","Euro area - 18 countries (2014)","Annual average rate of change","All-items HICP","2.5"
"2013","Euro area - 18 countries (2014)","Annual average rate of change","All-items HICP","1.4"
"2014","Euro area - 18 countries (2014)","Annual average rate of change","All-items HICP","0.4"
"2015","Euro area - 18 countries (2014)","Annual average rate of change","All-items HICP","0.2"
"2016","Euro area - 18 countries (2014)","Annual average rate of change","All-items HICP","0.2"
"2017","Euro area - 18 countries (2014)","Annual average rate of change","All-items HICP","1.5"
"2018","Euro area - 18 countries (2014)","Annual average rate of change","All-items HICP","1.8"
"2019","Euro area - 18 countries (2014)","Annual average rate of change","All-items HICP","1.2"
"1996","Belgium","Annual average rate of change","All-items HICP","1.8"
"1997","Belgium","Annual average rate of change","All-items HICP","1.5"
"1998","Belgium","Annual average rate of change","All-items HICP","0.9"
"1999","Belgium","Annual average rate of change","All-items HICP","1.1"
"2000","Belgium","Annual average rate of change","All-items HICP","2.7"
"2001","Belgium","Annual average rate of change","All-items HICP","2.4"
"2002","Belgium","Annual average rate of change","All-items HICP","1.5"
"2003","Belgium","Annual average rate of change","All-items HICP","1.5"
"2004","Belgium","Annual average rate of change","All-items HICP","1.9"
"2005","Belgium","Annual average rate of change","All-items HICP","2.5"
"2006","Belgium","Annual average rate of change","All-items HICP","2.3"
"2007","Belgium","Annual average rate of change","All-items HICP","1.8"
"2008","Belgium","Annual average rate of change","All-items HICP","4.5"
"2009","Belgium","Annual average rate of change","All-items HICP","0.0"
"2010","Belgium","Annual average rate of change","All-items HICP","2.3"
"2011","Belgium","Annual average rate of change","All-items HICP","3.4"
"2012","Belgium","Annual average rate of change","All-items HICP","2.6"
"2013","Belgium","Annual average rate of change","All-items HICP","1.2"
"2014","Belgium","Annual average rate of change","All-items HICP","0.5"
"2015","Belgium","Annual average rate of change","All-items HICP","0.6"
"2016","Belgium","Annual average rate of change","All-items HICP","1.8"
"2017","Belgium","Annual average rate of change","All-items HICP","2.2"
"2018","Belgium","Annual average rate of change","All-items HICP","2.3"
"2019","Belgium","Annual average rate of change","All-items HICP","1.2"
"1996","Bulgaria","Annual average rate of change","All-items HICP",":"
"1997","Bulgaria","Annual average rate of change","All-items HICP",":"
"1998","Bulgaria","Annual average rate of change","All-items HICP","18.7"
"1999","Bulgaria","Annual average rate of change","All-items HICP","2.6"
"2000","Bulgaria","Annual average rate of change","All-items HICP","10.3"
"2001","Bulgaria","Annual average rate of change","All-items HICP","7.4"
"2002","Bulgaria","Annual average rate of change","All-items HICP","5.8"
"2003","Bulgaria","Annual average rate of change","All-items HICP","2.3"
"2004","Bulgaria","Annual average rate of change","All-items HICP","6.1"
"2005","Bulgaria","Annual average rate of change","All-items HICP","6.0"
"2006","Bulgaria","Annual average rate of change","All-items HICP","7.4"
"2007","Bulgaria","Annual average rate of change","All-items HICP","7.6"
"2008","Bulgaria","Annual average rate of change","All-items HICP","12.0"
"2009","Bulgaria","Annual average rate of change","All-items HICP","2.5"
"2010","Bulgaria","Annual average rate of change","All-items HICP","3.0"
"2011","Bulgaria","Annual average rate of change","All-items HICP","3.4"
"2012","Bulgaria","Annual average rate of change","All-items HICP","2.4"
"2013","Bulgaria","Annual average rate of change","All-items HICP","0.4"
"2014","Bulgaria","Annual average rate of change","All-items HICP","-1.6"
"2015","Bulgaria","Annual average rate of change","All-items HICP","-1.1"
"2016","Bulgaria","Annual average rate of change","All-items HICP","-1.3"
"2017","Bulgaria","Annual average rate of change","All-items HICP","1.2"
"2018","Bulgaria","Annual average rate of change","All-items HICP","2.6"
"2019","Bulgaria","Annual average rate of change","All-items HICP","2.5"
"1996","Czechia","Annual average rate of change","All-items HICP","9.1"
"1997","Czechia","Annual average rate of change","All-items HICP","8.0"
"1998","Czechia","Annual average rate of change","All-items HICP","9.7"
"1999","Czechia","Annual average rate of change","All-items HICP","1.8"
"2000","Czechia","Annual average rate of change","All-items HICP","3.9"
"2001","Czechia","Annual average rate of change","All-items HICP","4.5"
"2002","Czechia","Annual average rate of change","All-items HICP","1.4"
"2003","Czechia","Annual average rate of change","All-items HICP","-0.1"
"2004","Czechia","Annual average rate of change","All-items HICP","2.6"
"2005","Czechia","Annual average rate of change","All-items HICP","1.6"
"2006","Czechia","Annual average rate of change","All-items HICP","2.1"
"2007","Czechia","Annual average rate of change","All-items HICP","2.9"
"2008","Czechia","Annual average rate of change","All-items HICP","6.3"
"2009","Czechia","Annual average rate of change","All-items HICP","0.6"
"2010","Czechia","Annual average rate of change","All-items HICP","1.2"
"2011","Czechia","Annual average rate of change","All-items HICP","2.2"
"2012","Czechia","Annual average rate of change","All-items HICP","3.5"
"2013","Czechia","Annual average rate of change","All-items HICP","1.4"
"2014","Czechia","Annual average rate of change","All-items HICP","0.4"
"2015","Czechia","Annual average rate of change","All-items HICP","0.3"
"2016","Czechia","Annual average rate of change","All-items HICP","0.6"
"2017","Czechia","Annual average rate of change","All-items HICP","2.4"
"2018","Czechia","Annual average rate of change","All-items HICP","2.0"
"2019","Czechia","Annual average rate of change","All-items HICP","2.6"
"1996","Denmark","Annual average rate of change","All-items HICP","2.1"
"1997","Denmark","Annual average rate of change","All-items HICP","1.9"
"1998","Denmark","Annual average rate of change","All-items HICP","1.3"
"1999","Denmark","Annual average rate of change","All-items HICP","2.0"
"2000","Denmark","Annual average rate of change","All-items HICP","2.8"
"2001","Denmark","Annual average rate of change","All-items HICP","2.3"
"2002","Denmark","Annual average rate of change","All-items HICP","2.4"
"2003","Denmark","Annual average rate of change","All-items HICP","2.0"
"2004","Denmark","Annual average rate of change","All-items HICP","0.9"
"2005","Denmark","Annual average rate of change","All-items HICP","1.7"
"2006","Denmark","Annual average rate of change","All-items HICP","1.8"
"2007","Denmark","Annual average rate of change","All-items HICP","1.7"
"2008","Denmark","Annual average rate of change","All-items HICP","3.6"
"2009","Denmark","Annual average rate of change","All-items HICP","1.0"
"2010","Denmark","Annual average rate of change","All-items HICP","2.2"
"2011","Denmark","Annual average rate of change","All-items HICP","2.7"
"2012","Denmark","Annual average rate of change","All-items HICP","2.4"
"2013","Denmark","Annual average rate of change","All-items HICP","0.5"
"2014","Denmark","Annual average rate of change","All-items HICP","0.4"
"2015","Denmark","Annual average rate of change","All-items HICP","0.2"
"2016","Denmark","Annual average rate of change","All-items HICP","0.0"
"2017","Denmark","Annual average rate of change","All-items HICP","1.1"
"2018","Denmark","Annual average rate of change","All-items HICP","0.7"
"2019","Denmark","Annual average rate of change","All-items HICP","0.7"
"1996","Germany (until 1990 former territory of the FRG)","Annual average rate of change","All-items HICP","0.6"
"1997","Germany (until 1990 former territory of the FRG)","Annual average rate of change","All-items HICP","1.5"
"1998","Germany (until 1990 former territory of the FRG)","Annual average rate of change","All-items HICP","0.6"
"1999","Germany (until 1990 former territory of the FRG)","Annual average rate of change","All-items HICP","0.6"
"2000","Germany (until 1990 former territory of the FRG)","Annual average rate of change","All-items HICP","1.4"
"2001","Germany (until 1990 former territory of the FRG)","Annual average rate of change","All-items HICP","1.9"
"2002","Germany (until 1990 former territory of the FRG)","Annual average rate of change","All-items HICP","1.3"
"2003","Germany (until 1990 former territory of the FRG)","Annual average rate of change","All-items HICP","1.1"
"2004","Germany (until 1990 former territory of the FRG)","Annual average rate of change","All-items HICP","1.8"
"2005","Germany (until 1990 former territory of the FRG)","Annual average rate of change","All-items HICP","1.9"
"2006","Germany (until 1990 former territory of the FRG)","Annual average rate of change","All-items HICP","1.8"
"2007","Germany (until 1990 former territory of the FRG)","Annual average rate of change","All-items HICP","2.3"
"2008","Germany (until 1990 former territory of the FRG)","Annual average rate of change","All-items HICP","2.8"
"2009","Germany (until 1990 former territory of the FRG)","Annual average rate of change","All-items HICP","0.2"
"2010","Germany (until 1990 former territory of the FRG)","Annual average rate of change","All-items HICP","1.1"
"2011","Germany (until 1990 former territory of the FRG)","Annual average rate of change","All-items HICP","2.5"
"2012","Germany (until 1990 former territory of the FRG)","Annual average rate of change","All-items HICP","2.2"
"2013","Germany (until 1990 former territory of the FRG)","Annual average rate of change","All-items HICP","1.6"
"2014","Germany (until 1990 former territory of the FRG)","Annual average rate of change","All-items HICP","0.8"
"2015","Germany (until 1990 former territory of the FRG)","Annual average rate of change","All-items HICP","0.7"
"2016","Germany (until 1990 former territory of the FRG)","Annual average rate of change","All-items HICP","0.4"
"2017","Germany (until 1990 former territory of the FRG)","Annual average rate of change","All-items HICP","1.7"
"2018","Germany (until 1990 former territory of the FRG)","Annual average rate of change","All-items HICP","1.9"
"2019","Germany (until 1990 former territory of the FRG)","Annual average rate of change","All-items HICP","1.4"
"1996","Estonia","Annual average rate of change","All-items HICP","19.8"
"1997","Estonia","Annual average rate of change","All-items HICP","9.3"
"1998","Estonia","Annual average rate of change","All-items HICP","8.8"
"1999","Estonia","Annual average rate of change","All-items HICP","3.1"
"2000","Estonia","Annual average rate of change","All-items HICP","3.9"
"2001","Estonia","Annual average rate of change","All-items HICP","5.6"
"2002","Estonia","Annual average rate of change","All-items HICP","3.6"
"2003","Estonia","Annual average rate of change","All-items HICP","1.4"
"2004","Estonia","Annual average rate of change","All-items HICP","3.0"
"2005","Estonia","Annual average rate of change","All-items HICP","4.1"
"2006","Estonia","Annual average rate of change","All-items HICP","4.4"
"2007","Estonia","Annual average rate of change","All-items HICP","6.7"
"2008","Estonia","Annual average rate of change","All-items HICP","10.6"
"2009","Estonia","Annual average rate of change","All-items HICP","0.2"
"2010","Estonia","Annual average rate of change","All-items HICP","2.7"
"2011","Estonia","Annual average rate of change","All-items HICP","5.1"
"2012","Estonia","Annual average rate of change","All-items HICP","4.2"
"2013","Estonia","Annual average rate of change","All-items HICP","3.2"
"2014","Estonia","Annual average rate of change","All-items HICP","0.5"
"2015","Estonia","Annual average rate of change","All-items HICP","0.1"
"2016","Estonia","Annual average rate of change","All-items HICP","0.8"
"2017","Estonia","Annual average rate of change","All-items HICP","3.7"
"2018","Estonia","Annual average rate of change","All-items HICP","3.4"
"2019","Estonia","Annual average rate of change","All-items HICP","2.3"
"1996","Ireland","Annual average rate of change","All-items HICP","2.2"
"1997","Ireland","Annual average rate of change","All-items HICP","1.3"
"1998","Ireland","Annual average rate of change","All-items HICP","2.1"
"1999","Ireland","Annual average rate of change","All-items HICP","2.4"
"2000","Ireland","Annual average rate of change","All-items HICP","5.3"
"2001","Ireland","Annual average rate of change","All-items HICP","4.0"
"2002","Ireland","Annual average rate of change","All-items HICP","4.7"
"2003","Ireland","Annual average rate of change","All-items HICP","4.0"
"2004","Ireland","Annual average rate of change","All-items HICP","2.3"
"2005","Ireland","Annual average rate of change","All-items HICP","2.2"
"2006","Ireland","Annual average rate of change","All-items HICP","2.7"
"2007","Ireland","Annual average rate of change","All-items HICP","2.9"
"2008","Ireland","Annual average rate of change","All-items HICP","3.1"
"2009","Ireland","Annual average rate of change","All-items HICP","-1.7"
"2010","Ireland","Annual average rate of change","All-items HICP","-1.6"
"2011","Ireland","Annual average rate of change","All-items HICP","1.2"
"2012","Ireland","Annual average rate of change","All-items HICP","1.9"
"2013","Ireland","Annual average rate of change","All-items HICP","0.5"
"2014","Ireland","Annual average rate of change","All-items HICP","0.3"
"2015","Ireland","Annual average rate of change","All-items HICP","0.0"
"2016","Ireland","Annual average rate of change","All-items HICP","-0.2"
"2017","Ireland","Annual average rate of change","All-items HICP","0.3"
"2018","Ireland","Annual average rate of change","All-items HICP","0.7"
"2019","Ireland","Annual average rate of change","All-items HICP","0.9"
"1996","Greece","Annual average rate of change","All-items HICP","7.9"
"1997","Greece","Annual average rate of change","All-items HICP","5.4"
"1998","Greece","Annual average rate of change","All-items HICP","4.5"
"1999","Greece","Annual average rate of change","All-items HICP","2.1"
"2000","Greece","Annual average rate of change","All-items HICP","2.9"
"2001","Greece","Annual average rate of change","All-items HICP","3.6"
"2002","Greece","Annual average rate of change","All-items HICP","3.9"
"2003","Greece","Annual average rate of change","All-items HICP","3.4"
"2004","Greece","Annual average rate of change","All-items HICP","3.0"
"2005","Greece","Annual average rate of change","All-items HICP","3.5"
"2006","Greece","Annual average rate of change","All-items HICP","3.3"
"2007","Greece","Annual average rate of change","All-items HICP","3.0"
"2008","Greece","Annual average rate of change","All-items HICP","4.2"
"2009","Greece","Annual average rate of change","All-items HICP","1.3"
"2010","Greece","Annual average rate of change","All-items HICP","4.7"
"2011","Greece","Annual average rate of change","All-items HICP","3.1"
"2012","Greece","Annual average rate of change","All-items HICP","1.0"
"2013","Greece","Annual average rate of change","All-items HICP","-0.9"
"2014","Greece","Annual average rate of change","All-items HICP","-1.4"
"2015","Greece","Annual average rate of change","All-items HICP","-1.1"
"2016","Greece","Annual average rate of change","All-items HICP","0.0"
"2017","Greece","Annual average rate of change","All-items HICP","1.1"
"2018","Greece","Annual average rate of change","All-items HICP","0.8"
"2019","Greece","Annual average rate of change","All-items HICP","0.5"
"1996","Spain","Annual average rate of change","All-items HICP","3.6"
"1997","Spain","Annual average rate of change","All-items HICP","1.9"
"1998","Spain","Annual average rate of change","All-items HICP","1.8"
"1999","Spain","Annual average rate of change","All-items HICP","2.2"
"2000","Spain","Annual average rate of change","All-items HICP","3.5"
"2001","Spain","Annual average rate of change","All-items HICP","2.8"
"2002","Spain","Annual average rate of change","All-items HICP","3.6"
"2003","Spain","Annual average rate of change","All-items HICP","3.1"
"2004","Spain","Annual average rate of change","All-items HICP","3.1"
"2005","Spain","Annual average rate of change","All-items HICP","3.4"
"2006","Spain","Annual average rate of change","All-items HICP","3.6"
"2007","Spain","Annual average rate of change","All-items HICP","2.8"
"2008","Spain","Annual average rate of change","All-items HICP","4.1"
"2009","Spain","Annual average rate of change","All-items HICP","-0.2"
"2010","Spain","Annual average rate of change","All-items HICP","2.0"
"2011","Spain","Annual average rate of change","All-items HICP","3.0"
"2012","Spain","Annual average rate of change","All-items HICP","2.4"
"2013","Spain","Annual average rate of change","All-items HICP","1.5"
"2014","Spain","Annual average rate of change","All-items HICP","-0.2"
"2015","Spain","Annual average rate of change","All-items HICP","-0.6"
"2016","Spain","Annual average rate of change","All-items HICP","-0.3"
"2017","Spain","Annual average rate of change","All-items HICP","2.0"
"2018","Spain","Annual average rate of change","All-items HICP","1.7"
"2019","Spain","Annual average rate of change","All-items HICP","0.8"
"1996","France","Annual average rate of change","All-items HICP","2.1"
"1997","France","Annual average rate of change","All-items HICP","1.3"
"1998","France","Annual average rate of change","All-items HICP","0.7"
"1999","France","Annual average rate of change","All-items HICP","0.6"
"2000","France","Annual average rate of change","All-items HICP","1.8"
"2001","France","Annual average rate of change","All-items HICP","1.8"
"2002","France","Annual average rate of change","All-items HICP","1.9"
"2003","France","Annual average rate of change","All-items HICP","2.2"
"2004","France","Annual average rate of change","All-items HICP","2.3"
"2005","France","Annual average rate of change","All-items HICP","1.9"
"2006","France","Annual average rate of change","All-items HICP","1.9"
"2007","France","Annual average rate of change","All-items HICP","1.6"
"2008","France","Annual average rate of change","All-items HICP","3.2"
"2009","France","Annual average rate of change","All-items HICP","0.1"
"2010","France","Annual average rate of change","All-items HICP","1.7"
"2011","France","Annual average rate of change","All-items HICP","2.3"
"2012","France","Annual average rate of change","All-items HICP","2.2"
"2013","France","Annual average rate of change","All-items HICP","1.0"
"2014","France","Annual average rate of change","All-items HICP","0.6"
"2015","France","Annual average rate of change","All-items HICP","0.1"
"2016","France","Annual average rate of change","All-items HICP","0.3"
"2017","France","Annual average rate of change","All-items HICP","1.2"
"2018","France","Annual average rate of change","All-items HICP","2.1"
"2019","France","Annual average rate of change","All-items HICP","1.3"
"1996","Croatia","Annual average rate of change","All-items HICP",":"
"1997","Croatia","Annual average rate of change","All-items HICP",":"
"1998","Croatia","Annual average rate of change","All-items HICP",":"
"1999","Croatia","Annual average rate of change","All-items HICP","3.7"
"2000","Croatia","Annual average rate of change","All-items HICP","4.5"
"2001","Croatia","Annual average rate of change","All-items HICP","4.3"
"2002","Croatia","Annual average rate of change","All-items HICP","2.5"
"2003","Croatia","Annual average rate of change","All-items HICP","2.4"
"2004","Croatia","Annual average rate of change","All-items HICP","2.1"
"2005","Croatia","Annual average rate of change","All-items HICP","3.0"
"2006","Croatia","Annual average rate of change","All-items HICP","3.3"
"2007","Croatia","Annual average rate of change","All-items HICP","2.7"
"2008","Croatia","Annual average rate of change","All-items HICP","5.8"
"2009","Croatia","Annual average rate of change","All-items HICP","2.2"
"2010","Croatia","Annual average rate of change","All-items HICP","1.1"
"2011","Croatia","Annual average rate of change","All-items HICP","2.2"
"2012","Croatia","Annual average rate of change","All-items HICP","3.4"
"2013","Croatia","Annual average rate of change","All-items HICP","2.3"
"2014","Croatia","Annual average rate of change","All-items HICP","0.2"
"2015","Croatia","Annual average rate of change","All-items HICP","-0.3"
"2016","Croatia","Annual average rate of change","All-items HICP","-0.6"
"2017","Croatia","Annual average rate of change","All-items HICP","1.3"
"2018","Croatia","Annual average rate of change","All-items HICP","1.6"
"2019","Croatia","Annual average rate of change","All-items HICP","0.8"
"1996","Italy","Annual average rate of change","All-items HICP","4.0"
"1997","Italy","Annual average rate of change","All-items HICP","1.9"
"1998","Italy","Annual average rate of change","All-items HICP","1.9"
"1999","Italy","Annual average rate of change","All-items HICP","1.6"
"2000","Italy","Annual average rate of change","All-items HICP","2.6"
"2001","Italy","Annual average rate of change","All-items HICP","2.3"
"2002","Italy","Annual average rate of change","All-items HICP","2.6"
"2003","Italy","Annual average rate of change","All-items HICP","2.8"
"2004","Italy","Annual average rate of change","All-items HICP","2.3"
"2005","Italy","Annual average rate of change","All-items HICP","2.2"
"2006","Italy","Annual average rate of change","All-items HICP","2.2"
"2007","Italy","Annual average rate of change","All-items HICP","2.0"
"2008","Italy","Annual average rate of change","All-items HICP","3.5"
"2009","Italy","Annual average rate of change","All-items HICP","0.8"
"2010","Italy","Annual average rate of change","All-items HICP","1.6"
"2011","Italy","Annual average rate of change","All-items HICP","2.9"
"2012","Italy","Annual average rate of change","All-items HICP","3.3"
"2013","Italy","Annual average rate of change","All-items HICP","1.2"
"2014","Italy","Annual average rate of change","All-items HICP","0.2"
"2015","Italy","Annual average rate of change","All-items HICP","0.1"
"2016","Italy","Annual average rate of change","All-items HICP","-0.1"
"2017","Italy","Annual average rate of change","All-items HICP","1.3"
"2018","Italy","Annual average rate of change","All-items HICP","1.2"
"2019","Italy","Annual average rate of change","All-items HICP","0.6"
"1996","Cyprus","Annual average rate of change","All-items HICP",":"
"1997","Cyprus","Annual average rate of change","All-items HICP","3.3"
"1998","Cyprus","Annual average rate of change","All-items HICP","2.3"
"1999","Cyprus","Annual average rate of change","All-items HICP","1.1"
"2000","Cyprus","Annual average rate of change","All-items HICP","4.9"
"2001","Cyprus","Annual average rate of change","All-items HICP","2.0"
"2002","Cyprus","Annual average rate of change","All-items HICP","2.8"
"2003","Cyprus","Annual average rate of change","All-items HICP","4.0"
"2004","Cyprus","Annual average rate of change","All-items HICP","1.9"
"2005","Cyprus","Annual average rate of change","All-items HICP","2.0"
"2006","Cyprus","Annual average rate of change","All-items HICP","2.2"
"2007","Cyprus","Annual average rate of change","All-items HICP","2.2"
"2008","Cyprus","Annual average rate of change","All-items HICP","4.4"
"2009","Cyprus","Annual average rate of change","All-items HICP","0.2"
"2010","Cyprus","Annual average rate of change","All-items HICP","2.6"
"2011","Cyprus","Annual average rate of change","All-items HICP","3.5"
"2012","Cyprus","Annual average rate of change","All-items HICP","3.1"
"2013","Cyprus","Annual average rate of change","All-items HICP","0.4"
"2014","Cyprus","Annual average rate of change","All-items HICP","-0.3"
"2015","Cyprus","Annual average rate of change","All-items HICP","-1.5"
"2016","Cyprus","Annual average rate of change","All-items HICP","-1.2"
"2017","Cyprus","Annual average rate of change","All-items HICP","0.7"
"2018","Cyprus","Annual average rate of change","All-items HICP","0.8"
"2019","Cyprus","Annual average rate of change","All-items HICP","0.5"
"1996","Latvia","Annual average rate of change","All-items HICP",":"
"1997","Latvia","Annual average rate of change","All-items HICP","8.1"
"1998","Latvia","Annual average rate of change","All-items HICP","4.3"
"1999","Latvia","Annual average rate of change","All-items HICP","2.1"
"2000","Latvia","Annual average rate of change","All-items HICP","2.6"
"2001","Latvia","Annual average rate of change","All-items HICP","2.5"
"2002","Latvia","Annual average rate of change","All-items HICP","2.0"
"2003","Latvia","Annual average rate of change","All-items HICP","2.9"
"2004","Latvia","Annual average rate of change","All-items HICP","6.2"
"2005","Latvia","Annual average rate of change","All-items HICP","6.9"
"2006","Latvia","Annual average rate of change","All-items HICP","6.6"
"2007","Latvia","Annual average rate of change","All-items HICP","10.1"
"2008","Latvia","Annual average rate of change","All-items HICP","15.3"
"2009","Latvia","Annual average rate of change","All-items HICP","3.3"
"2010","Latvia","Annual average rate of change","All-items HICP","-1.2"
"2011","Latvia","Annual average rate of change","All-items HICP","4.2"
"2012","Latvia","Annual average rate of change","All-items HICP","2.3"
"2013","Latvia","Annual average rate of change","All-items HICP","0.0"
"2014","Latvia","Annual average rate of change","All-items HICP","0.7"
"2015","Latvia","Annual average rate of change","All-items HICP","0.2"
"2016","Latvia","Annual average rate of change","All-items HICP","0.1"
"2017","Latvia","Annual average rate of change","All-items HICP","2.9"
"2018","Latvia","Annual average rate of change","All-items HICP","2.6"
"2019","Latvia","Annual average rate of change","All-items HICP","2.7"
"1996","Lithuania","Annual average rate of change","All-items HICP","24.7"
"1997","Lithuania","Annual average rate of change","All-items HICP","10.3"
"1998","Lithuania","Annual average rate of change","All-items HICP","5.4"
"1999","Lithuania","Annual average rate of change","All-items HICP","1.4"
"2000","Lithuania","Annual average rate of change","All-items HICP","1.1"
"2001","Lithuania","Annual average rate of change","All-items HICP","1.5"
"2002","Lithuania","Annual average rate of change","All-items HICP","0.3"
"2003","Lithuania","Annual average rate of change","All-items HICP","-1.1"
"2004","Lithuania","Annual average rate of change","All-items HICP","1.2"
"2005","Lithuania","Annual average rate of change","All-items HICP","2.7"
"2006","Lithuania","Annual average rate of change","All-items HICP","3.8"
"2007","Lithuania","Annual average rate of change","All-items HICP","5.8"
"2008","Lithuania","Annual average rate of change","All-items HICP","11.1"
"2009","Lithuania","Annual average rate of change","All-items HICP","4.2"
"2010","Lithuania","Annual average rate of change","All-items HICP","1.2"
"2011","Lithuania","Annual average rate of change","All-items HICP","4.1"
"2012","Lithuania","Annual average rate of change","All-items HICP","3.2"
"2013","Lithuania","Annual average rate of change","All-items HICP","1.2"
"2014","Lithuania","Annual average rate of change","All-items HICP","0.2"
"2015","Lithuania","Annual average rate of change","All-items HICP","-0.7"
"2016","Lithuania","Annual average rate of change","All-items HICP","0.7"
"2017","Lithuania","Annual average rate of change","All-items HICP","3.7"
"2018","Lithuania","Annual average rate of change","All-items HICP","2.5"
"2019","Lithuania","Annual average rate of change","All-items HICP","2.2"
"1996","Luxembourg","Annual average rate of change","All-items HICP","1.2"
"1997","Luxembourg","Annual average rate of change","All-items HICP","1.4"
"1998","Luxembourg","Annual average rate of change","All-items HICP","1.0"
"1999","Luxembourg","Annual average rate of change","All-items HICP","1.0"
"2000","Luxembourg","Annual average rate of change","All-items HICP","3.8"
"2001","Luxembourg","Annual average rate of change","All-items HICP","2.4"
"2002","Luxembourg","Annual average rate of change","All-items HICP","2.1"
"2003","Luxembourg","Annual average rate of change","All-items HICP","2.5"
"2004","Luxembourg","Annual average rate of change","All-items HICP","3.2"
"2005","Luxembourg","Annual average rate of change","All-items HICP","3.8"
"2006","Luxembourg","Annual average rate of change","All-items HICP","3.0"
"2007","Luxembourg","Annual average rate of change","All-items HICP","2.7"
"2008","Luxembourg","Annual average rate of change","All-items HICP","4.1"
"2009","Luxembourg","Annual average rate of change","All-items HICP","0.0"
"2010","Luxembourg","Annual average rate of change","All-items HICP","2.8"
"2011","Luxembourg","Annual average rate of change","All-items HICP","3.7"
"2012","Luxembourg","Annual average rate of change","All-items HICP","2.9"
"2013","Luxembourg","Annual average rate of change","All-items HICP","1.7"
"2014","Luxembourg","Annual average rate of change","All-items HICP","0.7"
"2015","Luxembourg","Annual average rate of change","All-items HICP","0.1"
"2016","Luxembourg","Annual average rate of change","All-items HICP","0.0"
"2017","Luxembourg","Annual average rate of change","All-items HICP","2.1"
"2018","Luxembourg","Annual average rate of change","All-items HICP","2.0"
"2019","Luxembourg","Annual average rate of change","All-items HICP","1.6"
"1996","Hungary","Annual average rate of change","All-items HICP","23.5"
"1997","Hungary","Annual average rate of change","All-items HICP","18.5"
"1998","Hungary","Annual average rate of change","All-items HICP","14.2"
"1999","Hungary","Annual average rate of change","All-items HICP","10.0"
"2000","Hungary","Annual average rate of change","All-items HICP","10.0"
"2001","Hungary","Annual average rate of change","All-items HICP","9.1"
"2002","Hungary","Annual average rate of change","All-items HICP","5.2"
"2003","Hungary","Annual average rate of change","All-items HICP","4.7"
"2004","Hungary","Annual average rate of change","All-items HICP","6.8"
"2005","Hungary","Annual average rate of change","All-items HICP","3.5"
"2006","Hungary","Annual average rate of change","All-items HICP","4.0"
"2007","Hungary","Annual average rate of change","All-items HICP","7.9"
"2008","Hungary","Annual average rate of change","All-items HICP","6.0"
"2009","Hungary","Annual average rate of change","All-items HICP","4.0"
"2010","Hungary","Annual average rate of change","All-items HICP","4.7"
"2011","Hungary","Annual average rate of change","All-items HICP","3.9"
"2012","Hungary","Annual average rate of change","All-items HICP","5.7"
"2013","Hungary","Annual average rate of change","All-items HICP","1.7"
"2014","Hungary","Annual average rate of change","All-items HICP","0.0"
"2015","Hungary","Annual average rate of change","All-items HICP","0.1"
"2016","Hungary","Annual average rate of change","All-items HICP","0.4"
"2017","Hungary","Annual average rate of change","All-items HICP","2.4"
"2018","Hungary","Annual average rate of change","All-items HICP","2.9"
"2019","Hungary","Annual average rate of change","All-items HICP","3.4"
"1996","Malta","Annual average rate of change","All-items HICP",":"
"1997","Malta","Annual average rate of change","All-items HICP","3.9"
"1998","Malta","Annual average rate of change","All-items HICP","3.7"
"1999","Malta","Annual average rate of change","All-items HICP","2.3"
"2000","Malta","Annual average rate of change","All-items HICP","3.0"
"2001","Malta","Annual average rate of change","All-items HICP","2.5"
"2002","Malta","Annual average rate of change","All-items HICP","2.6"
"2003","Malta","Annual average rate of change","All-items HICP","1.9"
"2004","Malta","Annual average rate of change","All-items HICP","2.7"
"2005","Malta","Annual average rate of change","All-items HICP","2.5"
"2006","Malta","Annual average rate of change","All-items HICP","2.6"
"2007","Malta","Annual average rate of change","All-items HICP","0.7"
"2008","Malta","Annual average rate of change","All-items HICP","4.7"
"2009","Malta","Annual average rate of change","All-items HICP","1.8"
"2010","Malta","Annual average rate of change","All-items HICP","2.0"
"2011","Malta","Annual average rate of change","All-items HICP","2.5"
"2012","Malta","Annual average rate of change","All-items HICP","3.2"
"2013","Malta","Annual average rate of change","All-items HICP","1.0"
"2014","Malta","Annual average rate of change","All-items HICP","0.8"
"2015","Malta","Annual average rate of change","All-items HICP","1.2"
"2016","Malta","Annual average rate of change","All-items HICP","0.9"
"2017","Malta","Annual average rate of change","All-items HICP","1.3"
"2018","Malta","Annual average rate of change","All-items HICP","1.7"
"2019","Malta","Annual average rate of change","All-items HICP","1.5"
"1996","Netherlands","Annual average rate of change","All-items HICP",":"
"1997","Netherlands","Annual average rate of change","All-items HICP","1.9"
"1998","Netherlands","Annual average rate of change","All-items HICP","1.8"
"1999","Netherlands","Annual average rate of change","All-items HICP","2.0"
"2000","Netherlands","Annual average rate of change","All-items HICP","2.3"
"2001","Netherlands","Annual average rate of change","All-items HICP","5.1"
"2002","Netherlands","Annual average rate of change","All-items HICP","3.9"
"2003","Netherlands","Annual average rate of change","All-items HICP","2.2"
"2004","Netherlands","Annual average rate of change","All-items HICP","1.4"
"2005","Netherlands","Annual average rate of change","All-items HICP","1.5"
"2006","Netherlands","Annual average rate of change","All-items HICP","1.6"
"2007","Netherlands","Annual average rate of change","All-items HICP","1.6"
"2008","Netherlands","Annual average rate of change","All-items HICP","2.2"
"2009","Netherlands","Annual average rate of change","All-items HICP","1.0"
"2010","Netherlands","Annual average rate of change","All-items HICP","0.9"
"2011","Netherlands","Annual average rate of change","All-items HICP","2.5"
"2012","Netherlands","Annual average rate of change","All-items HICP","2.8"
"2013","Netherlands","Annual average rate of change","All-items HICP","2.6"
"2014","Netherlands","Annual average rate of change","All-items HICP","0.3"
"2015","Netherlands","Annual average rate of change","All-items HICP","0.2"
"2016","Netherlands","Annual average rate of change","All-items HICP","0.1"
"2017","Netherlands","Annual average rate of change","All-items HICP","1.3"
"2018","Netherlands","Annual average rate of change","All-items HICP","1.6"
"2019","Netherlands","Annual average rate of change","All-items HICP","2.7"
"1996","Austria","Annual average rate of change","All-items HICP","1.8"
"1997","Austria","Annual average rate of change","All-items HICP","1.2"
"1998","Austria","Annual average rate of change","All-items HICP","0.8"
"1999","Austria","Annual average rate of change","All-items HICP","0.5"
"2000","Austria","Annual average rate of change","All-items HICP","2.0"
"2001","Austria","Annual average rate of change","All-items HICP","2.3"
"2002","Austria","Annual average rate of change","All-items HICP","1.7"
"2003","Austria","Annual average rate of change","All-items HICP","1.3"
"2004","Austria","Annual average rate of change","All-items HICP","2.0"
"2005","Austria","Annual average rate of change","All-items HICP","2.1"
"2006","Austria","Annual average rate of change","All-items HICP","1.7"
"2007","Austria","Annual average rate of change","All-items HICP","2.2"
"2008","Austria","Annual average rate of change","All-items HICP","3.2"
"2009","Austria","Annual average rate of change","All-items HICP","0.4"
"2010","Austria","Annual average rate of change","All-items HICP","1.7"
"2011","Austria","Annual average rate of change","All-items HICP","3.6"
"2012","Austria","Annual average rate of change","All-items HICP","2.6"
"2013","Austria","Annual average rate of change","All-items HICP","2.1"
"2014","Austria","Annual average rate of change","All-items HICP","1.5"
"2015","Austria","Annual average rate of change","All-items HICP","0.8"
"2016","Austria","Annual average rate of change","All-items HICP","1.0"
"2017","Austria","Annual average rate of change","All-items HICP","2.2"
"2018","Austria","Annual average rate of change","All-items HICP","2.1"
"2019","Austria","Annual average rate of change","All-items HICP","1.5"
"1996","Poland","Annual average rate of change","All-items HICP",":"
"1997","Poland","Annual average rate of change","All-items HICP","15.0"
"1998","Poland","Annual average rate of change","All-items HICP","11.8"
"1999","Poland","Annual average rate of change","All-items HICP","7.2"
"2000","Poland","Annual average rate of change","All-items HICP","10.1"
"2001","Poland","Annual average rate of change","All-items HICP","5.3"
"2002","Poland","Annual average rate of change","All-items HICP","1.9"
"2003","Poland","Annual average rate of change","All-items HICP","0.7"
"2004","Poland","Annual average rate of change","All-items HICP","3.6"
"2005","Poland","Annual average rate of change","All-items HICP","2.2"
"2006","Poland","Annual average rate of change","All-items HICP","1.3"
"2007","Poland","Annual average rate of change","All-items HICP","2.6"
"2008","Poland","Annual average rate of change","All-items HICP","4.2"
"2009","Poland","Annual average rate of change","All-items HICP","4.0"
"2010","Poland","Annual average rate of change","All-items HICP","2.6"
"2011","Poland","Annual average rate of change","All-items HICP","3.9"
"2012","Poland","Annual average rate of change","All-items HICP","3.7"
"2013","Poland","Annual average rate of change","All-items HICP","0.8"
"2014","Poland","Annual average rate of change","All-items HICP","0.1"
"2015","Poland","Annual average rate of change","All-items HICP","-0.7"
"2016","Poland","Annual average rate of change","All-items HICP","-0.2"
"2017","Poland","Annual average rate of change","All-items HICP","1.6"
"2018","Poland","Annual average rate of change","All-items HICP","1.2"
"2019","Poland","Annual average rate of change","All-items HICP","2.1"
"1996","Portugal","Annual average rate of change","All-items HICP","2.9"
"1997","Portugal","Annual average rate of change","All-items HICP","1.9"
"1998","Portugal","Annual average rate of change","All-items HICP","2.2"
"1999","Portugal","Annual average rate of change","All-items HICP","2.2"
"2000","Portugal","Annual average rate of change","All-items HICP","2.8"
"2001","Portugal","Annual average rate of change","All-items HICP","4.4"
"2002","Portugal","Annual average rate of change","All-items HICP","3.7"
"2003","Portugal","Annual average rate of change","All-items HICP","3.2"
"2004","Portugal","Annual average rate of change","All-items HICP","2.5"
"2005","Portugal","Annual average rate of change","All-items HICP","2.1"
"2006","Portugal","Annual average rate of change","All-items HICP","3.0"
"2007","Portugal","Annual average rate of change","All-items HICP","2.4"
"2008","Portugal","Annual average rate of change","All-items HICP","2.7"
"2009","Portugal","Annual average rate of change","All-items HICP","-0.9"
"2010","Portugal","Annual average rate of change","All-items HICP","1.4"
"2011","Portugal","Annual average rate of change","All-items HICP","3.6"
"2012","Portugal","Annual average rate of change","All-items HICP","2.8"
"2013","Portugal","Annual average rate of change","All-items HICP","0.4"
"2014","Portugal","Annual average rate of change","All-items HICP","-0.2"
"2015","Portugal","Annual average rate of change","All-items HICP","0.5"
"2016","Portugal","Annual average rate of change","All-items HICP","0.6"
"2017","Portugal","Annual average rate of change","All-items HICP","1.6"
"2018","Portugal","Annual average rate of change","All-items HICP","1.2"
"2019","Portugal","Annual average rate of change","All-items HICP","0.3"
"1996","Romania","Annual average rate of change","All-items HICP","38.8"
"1997","Romania","Annual average rate of change","All-items HICP","154.9"
"1998","Romania","Annual average rate of change","All-items HICP","59.1"
"1999","Romania","Annual average rate of change","All-items HICP","45.8"
"2000","Romania","Annual average rate of change","All-items HICP","45.7"
"2001","Romania","Annual average rate of change","All-items HICP","34.5"
"2002","Romania","Annual average rate of change","All-items HICP","22.5"
"2003","Romania","Annual average rate of change","All-items HICP","15.3"
"2004","Romania","Annual average rate of change","All-items HICP","11.9"
"2005","Romania","Annual average rate of change","All-items HICP","9.1"
"2006","Romania","Annual average rate of change","All-items HICP","6.6"
"2007","Romania","Annual average rate of change","All-items HICP","4.9"
"2008","Romania","Annual average rate of change","All-items HICP","7.9"
"2009","Romania","Annual average rate of change","All-items HICP","5.6"
"2010","Romania","Annual average rate of change","All-items HICP","6.1"
"2011","Romania","Annual average rate of change","All-items HICP","5.8"
"2012","Romania","Annual average rate of change","All-items HICP","3.4"
"2013","Romania","Annual average rate of change","All-items HICP","3.2"
"2014","Romania","Annual average rate of change","All-items HICP","1.4"
"2015","Romania","Annual average rate of change","All-items HICP","-0.4"
"2016","Romania","Annual average rate of change","All-items HICP","-1.1"
"2017","Romania","Annual average rate of change","All-items HICP","1.1"
"2018","Romania","Annual average rate of change","All-items HICP","4.1"
"2019","Romania","Annual average rate of change","All-items HICP","3.9"
"1996","Slovenia","Annual average rate of change","All-items HICP","9.9"
"1997","Slovenia","Annual average rate of change","All-items HICP","8.3"
"1998","Slovenia","Annual average rate of change","All-items HICP","7.9"
"1999","Slovenia","Annual average rate of change","All-items HICP","6.1"
"2000","Slovenia","Annual average rate of change","All-items HICP","9.0"
"2001","Slovenia","Annual average rate of change","All-items HICP","8.6"
"2002","Slovenia","Annual average rate of change","All-items HICP","7.5"
"2003","Slovenia","Annual average rate of change","All-items HICP","5.6"
"2004","Slovenia","Annual average rate of change","All-items HICP","3.7"
"2005","Slovenia","Annual average rate of change","All-items HICP","2.4"
"2006","Slovenia","Annual average rate of change","All-items HICP","2.5"
"2007","Slovenia","Annual average rate of change","All-items HICP","3.8"
"2008","Slovenia","Annual average rate of change","All-items HICP","5.5"
"2009","Slovenia","Annual average rate of change","All-items HICP","0.8"
"2010","Slovenia","Annual average rate of change","All-items HICP","2.1"
"2011","Slovenia","Annual average rate of change","All-items HICP","2.1"
"2012","Slovenia","Annual average rate of change","All-items HICP","2.8"
"2013","Slovenia","Annual average rate of change","All-items HICP","1.9"
"2014","Slovenia","Annual average rate of change","All-items HICP","0.4"
"2015","Slovenia","Annual average rate of change","All-items HICP","-0.8"
"2016","Slovenia","Annual average rate of change","All-items HICP","-0.2"
"2017","Slovenia","Annual average rate of change","All-items HICP","1.6"
"2018","Slovenia","Annual average rate of change","All-items HICP","1.9"
"2019","Slovenia","Annual average rate of change","All-items HICP","1.7"
"1996","Slovakia","Annual average rate of change","All-items HICP","5.8"
"1997","Slovakia","Annual average rate of change","All-items HICP","6.0"
"1998","Slovakia","Annual average rate of change","All-items HICP","6.7"
"1999","Slovakia","Annual average rate of change","All-items HICP","10.4"
"2000","Slovakia","Annual average rate of change","All-items HICP","12.2"
"2001","Slovakia","Annual average rate of change","All-items HICP","7.2"
"2002","Slovakia","Annual average rate of change","All-items HICP","3.5"
"2003","Slovakia","Annual average rate of change","All-items HICP","8.4"
"2004","Slovakia","Annual average rate of change","All-items HICP","7.5"
"2005","Slovakia","Annual average rate of change","All-items HICP","2.8"
"2006","Slovakia","Annual average rate of change","All-items HICP","4.3"
"2007","Slovakia","Annual average rate of change","All-items HICP","1.9"
"2008","Slovakia","Annual average rate of change","All-items HICP","3.9"
"2009","Slovakia","Annual average rate of change","All-items HICP","0.9"
"2010","Slovakia","Annual average rate of change","All-items HICP","0.7"
"2011","Slovakia","Annual average rate of change","All-items HICP","4.1"
"2012","Slovakia","Annual average rate of change","All-items HICP","3.7"
"2013","Slovakia","Annual average rate of change","All-items HICP","1.5"
"2014","Slovakia","Annual average rate of change","All-items HICP","-0.1"
"2015","Slovakia","Annual average rate of change","All-items HICP","-0.3"
"2016","Slovakia","Annual average rate of change","All-items HICP","-0.5"
"2017","Slovakia","Annual average rate of change","All-items HICP","1.4"
"2018","Slovakia","Annual average rate of change","All-items HICP","2.5"
"2019","Slovakia","Annual average rate of change","All-items HICP","2.8"
"1996","Finland","Annual average rate of change","All-items HICP","1.1"
"1997","Finland","Annual average rate of change","All-items HICP","1.2"
"1998","Finland","Annual average rate of change","All-items HICP","1.3"
"1999","Finland","Annual average rate of change","All-items HICP","1.3"
"2000","Finland","Annual average rate of change","All-items HICP","3.0"
"2001","Finland","Annual average rate of change","All-items HICP","2.7"
"2002","Finland","Annual average rate of change","All-items HICP","2.0"
"2003","Finland","Annual average rate of change","All-items HICP","1.3"
"2004","Finland","Annual average rate of change","All-items HICP","0.1"
"2005","Finland","Annual average rate of change","All-items HICP","0.8"
"2006","Finland","Annual average rate of change","All-items HICP","1.3"
"2007","Finland","Annual average rate of change","All-items HICP","1.6"
"2008","Finland","Annual average rate of change","All-items HICP","3.9"
"2009","Finland","Annual average rate of change","All-items HICP","1.6"
"2010","Finland","Annual average rate of change","All-items HICP","1.7"
"2011","Finland","Annual average rate of change","All-items HICP","3.3"
"2012","Finland","Annual average rate of change","All-items HICP","3.2"
"2013","Finland","Annual average rate of change","All-items HICP","2.2"
"2014","Finland","Annual average rate of change","All-items HICP","1.2"
"2015","Finland","Annual average rate of change","All-items HICP","-0.2"
"2016","Finland","Annual average rate of change","All-items HICP","0.4"
"2017","Finland","Annual average rate of change","All-items HICP","0.8"
"2018","Finland","Annual average rate of change","All-items HICP","1.2"
"2019","Finland","Annual average rate of change","All-items HICP","1.1"
"1996","Sweden","Annual average rate of change","All-items HICP","1.0"
"1997","Sweden","Annual average rate of change","All-items HICP","1.8"
"1998","Sweden","Annual average rate of change","All-items HICP","1.0"
"1999","Sweden","Annual average rate of change","All-items HICP","0.6"
"2000","Sweden","Annual average rate of change","All-items HICP","1.3"
"2001","Sweden","Annual average rate of change","All-items HICP","2.7"
"2002","Sweden","Annual average rate of change","All-items HICP","1.9"
"2003","Sweden","Annual average rate of change","All-items HICP","2.3"
"2004","Sweden","Annual average rate of change","All-items HICP","1.0"
"2005","Sweden","Annual average rate of change","All-items HICP","0.8"
"2006","Sweden","Annual average rate of change","All-items HICP","1.5"
"2007","Sweden","Annual average rate of change","All-items HICP","1.7"
"2008","Sweden","Annual average rate of change","All-items HICP","3.3"
"2009","Sweden","Annual average rate of change","All-items HICP","1.9"
"2010","Sweden","Annual average rate of change","All-items HICP","1.9"
"2011","Sweden","Annual average rate of change","All-items HICP","1.4"
"2012","Sweden","Annual average rate of change","All-items HICP","0.9"
"2013","Sweden","Annual average rate of change","All-items HICP","0.4"
"2014","Sweden","Annual average rate of change","All-items HICP","0.2"
"2015","Sweden","Annual average rate of change","All-items HICP","0.7"
"2016","Sweden","Annual average rate of change","All-items HICP","1.1"
"2017","Sweden","Annual average rate of change","All-items HICP","1.9"
"2018","Sweden","Annual average rate of change","All-items HICP","2.0"
"2019","Sweden","Annual average rate of change","All-items HICP","1.7"
"1996","United Kingdom","Annual average rate of change","All-items HICP","2.5"
"1997","United Kingdom","Annual average rate of change","All-items HICP","1.8"
"1998","United Kingdom","Annual average rate of change","All-items HICP","1.6"
"1999","United Kingdom","Annual average rate of change","All-items HICP","1.3"
"2000","United Kingdom","Annual average rate of change","All-items HICP","0.8"
"2001","United Kingdom","Annual average rate of change","All-items HICP","1.2"
"2002","United Kingdom","Annual average rate of change","All-items HICP","1.3"
"2003","United Kingdom","Annual average rate of change","All-items HICP","1.4"
"2004","United Kingdom","Annual average rate of change","All-items HICP","1.3"
"2005","United Kingdom","Annual average rate of change","All-items HICP","2.1"
"2006","United Kingdom","Annual average rate of change","All-items HICP","2.3"
"2007","United Kingdom","Annual average rate of change","All-items HICP","2.3"
"2008","United Kingdom","Annual average rate of change","All-items HICP","3.6"
"2009","United Kingdom","Annual average rate of change","All-items HICP","2.2"
"2010","United Kingdom","Annual average rate of change","All-items HICP","3.3"
"2011","United Kingdom","Annual average rate of change","All-items HICP","4.5"
"2012","United Kingdom","Annual average rate of change","All-items HICP","2.8"
"2013","United Kingdom","Annual average rate of change","All-items HICP","2.6"
"2014","United Kingdom","Annual average rate of change","All-items HICP","1.5"
"2015","United Kingdom","Annual average rate of change","All-items HICP","0.0"
"2016","United Kingdom","Annual average rate of change","All-items HICP","0.7"
"2017","United Kingdom","Annual average rate of change","All-items HICP","2.7"
"2018","United Kingdom","Annual average rate of change","All-items HICP","2.5"
"2019","United Kingdom","Annual average rate of change","All-items HICP","1.8"
"1996","European Economic Area (EEA18-1995, EEA28-2004, EEA30-2007, EEA31-2013, EEA30-2020)","Annual average rate of change","All-items HICP",":"
"1997","European Economic Area (EEA18-1995, EEA28-2004, EEA30-2007, EEA31-2013, EEA30-2020)","Annual average rate of change","All-items HICP","1.7"
"1998","European Economic Area (EEA18-1995, EEA28-2004, EEA30-2007, EEA31-2013, EEA30-2020)","Annual average rate of change","All-items HICP","1.3"
"1999","European Economic Area (EEA18-1995, EEA28-2004, EEA30-2007, EEA31-2013, EEA30-2020)","Annual average rate of change","All-items HICP","1.2"
"2000","European Economic Area (EEA18-1995, EEA28-2004, EEA30-2007, EEA31-2013, EEA30-2020)","Annual average rate of change","All-items HICP","1.9"
"2001","European Economic Area (EEA18-1995, EEA28-2004, EEA30-2007, EEA31-2013, EEA30-2020)","Annual average rate of change","All-items HICP","2.2"
"2002","European Economic Area (EEA18-1995, EEA28-2004, EEA30-2007, EEA31-2013, EEA30-2020)","Annual average rate of change","All-items HICP","2.1"
"2003","European Economic Area (EEA18-1995, EEA28-2004, EEA30-2007, EEA31-2013, EEA30-2020)","Annual average rate of change","All-items HICP","2.0"
"2004","European Economic Area (EEA18-1995, EEA28-2004, EEA30-2007, EEA31-2013, EEA30-2020)","Annual average rate of change","All-items HICP","2.0"
"2005","European Economic Area (EEA18-1995, EEA28-2004, EEA30-2007, EEA31-2013, EEA30-2020)","Annual average rate of change","All-items HICP","2.2"
"2006","European Economic Area (EEA18-1995, EEA28-2004, EEA30-2007, EEA31-2013, EEA30-2020)","Annual average rate of change","All-items HICP","2.2"
"2007","European Economic Area (EEA18-1995, EEA28-2004, EEA30-2007, EEA31-2013, EEA30-2020)","Annual average rate of change","All-items HICP","2.3"
"2008","European Economic Area (EEA18-1995, EEA28-2004, EEA30-2007, EEA31-2013, EEA30-2020)","Annual average rate of change","All-items HICP","3.7"
"2009","European Economic Area (EEA18-1995, EEA28-2004, EEA30-2007, EEA31-2013, EEA30-2020)","Annual average rate of change","All-items HICP","1.0"
"2010","European Economic Area (EEA18-1995, EEA28-2004, EEA30-2007, EEA31-2013, EEA30-2020)","Annual average rate of change","All-items HICP","2.1"
"2011","European Economic Area (EEA18-1995, EEA28-2004, EEA30-2007, EEA31-2013, EEA30-2020)","Annual average rate of change","All-items HICP","3.1"
"2012","European Economic Area (EEA18-1995, EEA28-2004, EEA30-2007, EEA31-2013, EEA30-2020)","Annual average rate of change","All-items HICP","2.6"
"2013","European Economic Area (EEA18-1995, EEA28-2004, EEA30-2007, EEA31-2013, EEA30-2020)","Annual average rate of change","All-items HICP","1.5"
"2014","European Economic Area (EEA18-1995, EEA28-2004, EEA30-2007, EEA31-2013, EEA30-2020)","Annual average rate of change","All-items HICP","0.6"
"2015","European Economic Area (EEA18-1995, EEA28-2004, EEA30-2007, EEA31-2013, EEA30-2020)","Annual average rate of change","All-items HICP","0.1"
"2016","European Economic Area (EEA18-1995, EEA28-2004, EEA30-2007, EEA31-2013, EEA30-2020)","Annual average rate of change","All-items HICP","0.3"
"2017","European Economic Area (EEA18-1995, EEA28-2004, EEA30-2007, EEA31-2013, EEA30-2020)","Annual average rate of change","All-items HICP","1.7"
"2018","European Economic Area (EEA18-1995, EEA28-2004, EEA30-2007, EEA31-2013, EEA30-2020)","Annual average rate of change","All-items HICP","1.9"
"2019","European Economic Area (EEA18-1995, EEA28-2004, EEA30-2007, EEA31-2013, EEA30-2020)","Annual average rate of change","All-items HICP","1.5"
"1996","Iceland","Annual average rate of change","All-items HICP","2.2"
"1997","Iceland","Annual average rate of change","All-items HICP","1.8"
"1998","Iceland","Annual average rate of change","All-items HICP","1.3"
"1999","Iceland","Annual average rate of change","All-items HICP","2.1"
"2000","Iceland","Annual average rate of change","All-items HICP","4.4"
"2001","Iceland","Annual average rate of change","All-items HICP","6.6"
"2002","Iceland","Annual average rate of change","All-items HICP","5.3"
"2003","Iceland","Annual average rate of change","All-items HICP","1.4"
"2004","Iceland","Annual average rate of change","All-items HICP","2.3"
"2005","Iceland","Annual average rate of change","All-items HICP","1.4"
"2006","Iceland","Annual average rate of change","All-items HICP","4.6"
"2007","Iceland","Annual average rate of change","All-items HICP","3.6"
"2008","Iceland","Annual average rate of change","All-items HICP","12.8"
"2009","Iceland","Annual average rate of change","All-items HICP","16.3"
"2010","Iceland","Annual average rate of change","All-items HICP","7.5"
"2011","Iceland","Annual average rate of change","All-items HICP","4.2"
"2012","Iceland","Annual average rate of change","All-items HICP","6.0"
"2013","Iceland","Annual average rate of change","All-items HICP","4.1"
"2014","Iceland","Annual average rate of change","All-items HICP","1.0"
"2015","Iceland","Annual average rate of change","All-items HICP","0.3"
"2016","Iceland","Annual average rate of change","All-items HICP","0.8"
"2017","Iceland","Annual average rate of change","All-items HICP","-1.7"
"2018","Iceland","Annual average rate of change","All-items HICP","0.7"
"2019","Iceland","Annual average rate of change","All-items HICP","2.0"
"1996","Norway","Annual average rate of change","All-items HICP","0.7"
"1997","Norway","Annual average rate of change","All-items HICP","2.5"
"1998","Norway","Annual average rate of change","All-items HICP","2.0"
"1999","Norway","Annual average rate of change","All-items HICP","2.2"
"2000","Norway","Annual average rate of change","All-items HICP","3.1"
"2001","Norway","Annual average rate of change","All-items HICP","2.6"
"2002","Norway","Annual average rate of change","All-items HICP","0.8"
"2003","Norway","Annual average rate of change","All-items HICP","2.0"
"2004","Norway","Annual average rate of change","All-items HICP","0.6"
"2005","Norway","Annual average rate of change","All-items HICP","1.5"
"2006","Norway","Annual average rate of change","All-items HICP","2.4"
"2007","Norway","Annual average rate of change","All-items HICP","0.8"
"2008","Norway","Annual average rate of change","All-items HICP","3.4"
"2009","Norway","Annual average rate of change","All-items HICP","2.3"
"2010","Norway","Annual average rate of change","All-items HICP","2.3"
"2011","Norway","Annual average rate of change","All-items HICP","1.3"
"2012","Norway","Annual average rate of change","All-items HICP","0.4"
"2013","Norway","Annual average rate of change","All-items HICP","2.0"
"2014","Norway","Annual average rate of change","All-items HICP","1.9"
"2015","Norway","Annual average rate of change","All-items HICP","2.0"
"2016","Norway","Annual average rate of change","All-items HICP","3.9"
"2017","Norway","Annual average rate of change","All-items HICP","1.9"
"2018","Norway","Annual average rate of change","All-items HICP","3.0"
"2019","Norway","Annual average rate of change","All-items HICP","2.3"
"1996","Switzerland","Annual average rate of change","All-items HICP",":"
"1997","Switzerland","Annual average rate of change","All-items HICP",":"
"1998","Switzerland","Annual average rate of change","All-items HICP",":"
"1999","Switzerland","Annual average rate of change","All-items HICP",":"
"2000","Switzerland","Annual average rate of change","All-items HICP",":"
"2001","Switzerland","Annual average rate of change","All-items HICP",":"
"2002","Switzerland","Annual average rate of change","All-items HICP",":"
"2003","Switzerland","Annual average rate of change","All-items HICP",":"
"2004","Switzerland","Annual average rate of change","All-items HICP",":"
"2005","Switzerland","Annual average rate of change","All-items HICP",":"
"2006","Switzerland","Annual average rate of change","All-items HICP","1.0"
"2007","Switzerland","Annual average rate of change","All-items HICP","0.8"
"2008","Switzerland","Annual average rate of change","All-items HICP","2.4"
"2009","Switzerland","Annual average rate of change","All-items HICP","-0.7"
"2010","Switzerland","Annual average rate of change","All-items HICP","0.6"
"2011","Switzerland","Annual average rate of change","All-items HICP","0.1"
"2012","Switzerland","Annual average rate of change","All-items HICP","-0.7"
"2013","Switzerland","Annual average rate of change","All-items HICP","0.1"
"2014","Switzerland","Annual average rate of change","All-items HICP","0.0"
"2015","Switzerland","Annual average rate of change","All-items HICP","-0.8"
"2016","Switzerland","Annual average rate of change","All-items HICP","-0.5"
"2017","Switzerland","Annual average rate of change","All-items HICP","0.6"
"2018","Switzerland","Annual average rate of change","All-items HICP","0.9"
"2019","Switzerland","Annual average rate of change","All-items HICP","0.4"
"1996","North Macedonia","Annual average rate of change","All-items HICP",":"
"1997","North Macedonia","Annual average rate of change","All-items HICP",":"
"1998","North Macedonia","Annual average rate of change","All-items HICP",":"
"1999","North Macedonia","Annual average rate of change","All-items HICP",":"
"2000","North Macedonia","Annual average rate of change","All-items HICP",":"
"2001","North Macedonia","Annual average rate of change","All-items HICP",":"
"2002","North Macedonia","Annual average rate of change","All-items HICP",":"
"2003","North Macedonia","Annual average rate of change","All-items HICP",":"
"2004","North Macedonia","Annual average rate of change","All-items HICP",":"
"2005","North Macedonia","Annual average rate of change","All-items HICP",":"
"2006","North Macedonia","Annual average rate of change","All-items HICP","3.7"
"2007","North Macedonia","Annual average rate of change","All-items HICP","2.2"
"2008","North Macedonia","Annual average rate of change","All-items HICP","7.6"
"2009","North Macedonia","Annual average rate of change","All-items HICP","-0.1"
"2010","North Macedonia","Annual average rate of change","All-items HICP","1.1"
"2011","North Macedonia","Annual average rate of change","All-items HICP","3.2"
"2012","North Macedonia","Annual average rate of change","All-items HICP","1.8"
"2013","North Macedonia","Annual average rate of change","All-items HICP","2.7"
"2014","North Macedonia","Annual average rate of change","All-items HICP","0.0"
"2015","North Macedonia","Annual average rate of change","All-items HICP","0.1"
"2016","North Macedonia","Annual average rate of change","All-items HICP","0.2"
"2017","North Macedonia","Annual average rate of change","All-items HICP","2.1"
"2018","North Macedonia","Annual average rate of change","All-items HICP","2.3"
"2019","North Macedonia","Annual average rate of change","All-items HICP","0.7"
"1996","Serbia","Annual average rate of change","All-items HICP",":"
"1997","Serbia","Annual average rate of change","All-items HICP",":"
"1998","Serbia","Annual average rate of change","All-items HICP",":"
"1999","Serbia","Annual average rate of change","All-items HICP",":"
"2000","Serbia","Annual average rate of change","All-items HICP",":"
"2001","Serbia","Annual average rate of change","All-items HICP",":"
"2002","Serbia","Annual average rate of change","All-items HICP",":"
"2003","Serbia","Annual average rate of change","All-items HICP",":"
"2004","Serbia","Annual average rate of change","All-items HICP",":"
"2005","Serbia","Annual average rate of change","All-items HICP",":"
"2006","Serbia","Annual average rate of change","All-items HICP",":"
"2007","Serbia","Annual average rate of change","All-items HICP","5.8"
"2008","Serbia","Annual average rate of change","All-items HICP","11.9"
"2009","Serbia","Annual average rate of change","All-items HICP","8.2"
"2010","Serbia","Annual average rate of change","All-items HICP","6.2"
"2011","Serbia","Annual average rate of change","All-items HICP","11.2"
"2012","Serbia","Annual average rate of change","All-items HICP","7.4"
"2013","Serbia","Annual average rate of change","All-items HICP","7.7"
"2014","Serbia","Annual average rate of change","All-items HICP","2.3"
"2015","Serbia","Annual average rate of change","All-items HICP","1.5"
"2016","Serbia","Annual average rate of change","All-items HICP","1.3"
"2017","Serbia","Annual average rate of change","All-items HICP","3.3"
"2018","Serbia","Annual average rate of change","All-items HICP","2.0"
"2019","Serbia","Annual average rate of change","All-items HICP","1.9"
"1996","Turkey","Annual average rate of change","All-items HICP",":"
"1997","Turkey","Annual average rate of change","All-items HICP","85.5"
"1998","Turkey","Annual average rate of change","All-items HICP","82.1"
"1999","Turkey","Annual average rate of change","All-items HICP","61.4"
"2000","Turkey","Annual average rate of change","All-items HICP","53.2"
"2001","Turkey","Annual average rate of change","All-items HICP","56.8"
"2002","Turkey","Annual average rate of change","All-items HICP","47.0"
"2003","Turkey","Annual average rate of change","All-items HICP","25.3"
"2004","Turkey","Annual average rate of change","All-items HICP","10.1"
"2005","Turkey","Annual average rate of change","All-items HICP","8.1"
"2006","Turkey","Annual average rate of change","All-items HICP","9.3"
"2007","Turkey","Annual average rate of change","All-items HICP","8.8"
"2008","Turkey","Annual average rate of change","All-items HICP","10.4"
"2009","Turkey","Annual average rate of change","All-items HICP","6.3"
"2010","Turkey","Annual average rate of change","All-items HICP","8.6"
"2011","Turkey","Annual average rate of change","All-items HICP","6.5"
"2012","Turkey","Annual average rate of change","All-items HICP","9.0"
"2013","Turkey","Annual average rate of change","All-items HICP","7.5"
"2014","Turkey","Annual average rate of change","All-items HICP","8.9"
"2015","Turkey","Annual average rate of change","All-items HICP","7.7"
"2016","Turkey","Annual average rate of change","All-items HICP","7.7"
"2017","Turkey","Annual average rate of change","All-items HICP","11.1"
"2018","Turkey","Annual average rate of change","All-items HICP","16.3"
"2019","Turkey","Annual average rate of change","All-items HICP","15.2"
"1996","United States","Annual average rate of change","All-items HICP",":"
"1997","United States","Annual average rate of change","All-items HICP",":"
"1998","United States","Annual average rate of change","All-items HICP",":"
"1999","United States","Annual average rate of change","All-items HICP",":"
"2000","United States","Annual average rate of change","All-items HICP",":"
"2001","United States","Annual average rate of change","All-items HICP",":"
"2002","United States","Annual average rate of change","All-items HICP",":"
"2003","United States","Annual average rate of change","All-items HICP","2.3"
"2004","United States","Annual average rate of change","All-items HICP","2.8"
"2005","United States","Annual average rate of change","All-items HICP","3.9"
"2006","United States","Annual average rate of change","All-items HICP","3.2"
"2007","United States","Annual average rate of change","All-items HICP","2.6"
"2008","United States","Annual average rate of change","All-items HICP","4.4"
"2009","United States","Annual average rate of change","All-items HICP","-0.8"
"2010","United States","Annual average rate of change","All-items HICP","2.6"
"2011","United States","Annual average rate of change","All-items HICP","3.9"
"2012","United States","Annual average rate of change","All-items HICP","2.2"
"2013","United States","Annual average rate of change","All-items HICP","1.3"
"2014","United States","Annual average rate of change","All-items HICP","1.3"
"2015","United States","Annual average rate of change","All-items HICP","-0.8"
"2016","United States","Annual average rate of change","All-items HICP","0.5"
"2017","United States","Annual average rate of change","All-items HICP","1.7"
"2018","United States","Annual average rate of change","All-items HICP","2.2"
"2019","United States","Annual average rate of change","All-items HICP","1.3"
